,A,B,C,D
2000-01-01,0.1569322094262615,0.675722653832322,-0.5382483931752928,-0.45751585920466237
2000-01-02,-1.3593230945003096,0.9266473668835762,0.6253252069854793,0.05467468702964967
2000-01-03,-1.7597193814284127,1.25208465959106,0.48719101658757974,0.16062130146198944
2000-01-04,-3.376521434464805,2.0043413708053364,0.11747254562090914,1.1622233331020204
2000-01-05,-2.8114451452332183,3.0360695778130697,0.35404145286771427,1.131230959136583
2000-01-06,-2.67345219363159,2.024965075002201,-1.5922140586443805,-0.8713836142863731
2000-01-07,-0.7197043493505986,2.176097859846011,-1.5353394096938981,0.027348634848513798
2000-01-08,-1.6973018377235238,1.1237374002739662,-5.211973889189799,1.948945679567471
2000-01-09,-2.71709808603486,0.6305636554025422,-5.023341617790686,2.0150259666210064
2000-01-10,-2.7066078778771026,0.24217970987913406,-4.146520625773877,1.7606263683835288
2000-01-11,-2.817995278572061,0.543872515460457,-3.6464841861131507,1.7269401113610923
2000-01-12,-3.7206060734273985,0.41620082066268704,-3.962648487711789,2.054775348003736
2000-01-13,-3.5533256691273594,0.32671309550478356,-3.2784993366843374,2.0297422484910714
2000-01-14,-2.529412750033564,0.02142520202729703,-4.064035393360351,1.176828703949857
2000-01-15,-0.5008159066039157,0.08968464885322254,-2.8393073419881034,0.8355110397746965
2000-01-16,-0.3936067370444152,0.6150664856633141,-2.098955741990639,0.9463699258801535
2000-01-17,-1.3016401534250188,0.21935645327579756,-2.716207664299584,2.3119161586590367
2000-01-18,0.3629857521412958,1.2028411475563117,-2.6166264931077508,3.0051815091242307
2000-01-19,-0.5355506395505528,3.194629793387679,-3.025764472700946,1.3123815986405114
2000-01-20,-1.3650775171091598,3.381158202595805,-3.1352980380890556,0.6355119536647468
2000-01-21,-2.3442007360916377,2.3786025969176916,-3.3005610058644064,1.1593915886825243
2000-01-22,-1.382841297978136,3.110729598231818,-2.1625777775001467,0.9207809257603167
2000-01-23,-1.8126181724967614,2.4555554558138875,-2.2558933068575024,-0.14821227785898883
2000-01-24,-3.7533273180433406,2.751833642702998,-3.042405275713208,-0.15006615225084122
2000-01-25,-2.512304347576184,3.248606811718009,-1.9839029112078634,0.9162030872772066
2000-01-26,-3.0792329770532505,4.320354725522307,-1.8036847156050126,0.15393145582872036
2000-01-27,-4.022318329311034,3.8111524036366093,-1.3696510806969073,0.6099885066022857
2000-01-28,-3.0270277377809744,4.173629874936138,-1.9820622837865645,1.5683508930944807
2000-01-29,-3.067754771362906,4.341012390354844,-3.41022494993725,1.5866886659566595
2000-01-30,-4.27880950619493,4.361490245895764,-4.881911317093781,0.6759122443366707
2000-01-31,-4.2680758991224765,3.9969771218726047,-3.9942002739825346,0.13136761708097933
2000-02-01,-4.3118314602439085,3.899694125389746,-2.7940175922078287,0.7958822498220399
2000-02-02,-4.782759825798025,3.2923126512667356,-2.373240388677057,-0.3535926489459118
2000-02-03,-4.891077038485533,4.614566788223037,-1.70967682078694,-0.12693605825580212
2000-02-04,-4.477400392864743,5.960843774828776,0.11758734541099991,-0.10307889661746411
2000-02-05,-3.649060240026798,5.686215550731127,-0.6717907600553847,-0.7143060425221679
2000-02-06,-2.7275418126453435,6.705994139282562,-1.0077608466971995,1.5256812016578551
2000-02-07,-1.941222682541714,7.97324837157552,-0.5272304054994925,0.18292424810970753
2000-02-08,-0.9463400845906353,8.233817782597159,-0.3423326632940783,-0.22828315348059053
2000-02-09,-4.173199925187555,8.854434054145344,-0.48256897659326714,-0.06881194084999942
2000-02-10,-2.521762341637042,7.950504922308668,0.2849278366439125,1.987044265114326
2000-02-11,-2.402178236116764,7.422023955528143,-1.5943818783748476,1.520425704474308
2000-02-12,-3.518355284865157,7.702434482086833,-0.2386884644177354,2.0477735023112476
2000-02-13,-5.2222235974235245,8.14993110818868,0.9263419093011804,2.4220477243833365
2000-02-14,-3.3596576798685125,8.026301274811761,1.8481279342583665,2.77168821425919
2000-02-15,-4.4345503309541545,6.892890201866809,3.4355022547978264,2.1953965672166516
2000-02-16,-4.7811198834915345,7.990578006330198,3.1774188926330478,1.5987662240907539
2000-02-17,-5.260959739845767,8.805727410627533,0.40492905614796504,2.9097816863395662
2000-02-18,-5.291625402472588,8.294288056674183,-0.40964376914434575,3.0347939625543274
2000-02-19,-4.722168126907585,7.817615936858225,1.1426232810959047,4.610146086402463
2000-02-20,-5.481256842281371,7.781484407477179,1.029283539136252,5.308958621875248
2000-02-21,-7.921127619200478,7.5397282751695185,1.7477727421598581,4.8651241559024445
2000-02-22,-8.92055523257051,8.259830349405421,0.48905505206313626,6.079264527940007
2000-02-23,-9.370918987632754,8.167425223907427,0.0365597664534576,8.018811789384271
2000-02-24,-10.345653145129383,6.92121847889651,0.8409761602241013,7.418752801177466
2000-02-25,-10.91870628289265,5.843273252754786,2.7235979464322924,8.015943886053053
2000-02-26,-12.65590301523001,4.444890304471197,3.0985413390333045,6.465214820031509
2000-02-27,-13.834553308651135,3.9196133923732726,2.5616202075880072,6.070584451195344
2000-02-28,-13.627645329371346,2.0116989321866305,1.0266114170961973,5.060876360976406
2000-02-29,-15.258669191353507,1.8433450172470007,1.6617429539877553,6.269968781226027
2000-03-01,-12.633212125099995,2.0085243284857954,2.379526682277611,7.212360227395214
2000-03-02,-12.433465160638928,1.4097455558924399,2.285023180273567,7.983114452337236
2000-03-03,-11.015789735730694,1.6173690497686728,2.355236770280518,7.470527111584067
2000-03-04,-9.793048652178019,0.9404839184185942,2.324025595349872,7.780263341124345
2000-03-05,-7.875916354684325,0.7790891693995798,2.8993693955256084,9.535719271446144
2000-03-06,-8.521303059775084,2.7712629351957014,3.86466244350988,8.788696088836009
2000-03-07,-9.373555070286924,2.9794345808607297,3.6127749595030614,9.39902712156582
2000-03-08,-9.098045058158112,3.31122359222648,4.305588929792682,9.122444980057175
2000-03-09,-8.000325921464972,1.8437633409950502,4.47274087939957,9.354586164018
2000-03-10,-8.015722481292705,1.0348086395497162,3.9838060027574222,11.115114831615166
2000-03-11,-6.714165422264171,1.5445635395698507,3.8249276460882027,11.937891083755103
2000-03-12,-7.352141454507611,1.2188613622006228,5.040846226552328,13.37990759056419
2000-03-13,-7.743358811922355,1.8983782165692618,5.341550130650215,11.9426126104269
2000-03-14,-7.422146268325228,2.0528840294457082,5.3156843663034445,14.132724888110431
2000-03-15,-6.542667404988665,2.282033031739711,4.404420612523412,14.384538917011131
2000-03-16,-7.366420911925709,1.276250981906305,3.456277285231861,13.891880322619976
2000-03-17,-7.9134701146654916,0.3101568992451096,3.086314866790355,12.508760247448553
2000-03-18,-7.400131609480775,0.11411089675932834,1.8090606034096637,12.40614011766547
2000-03-19,-5.3320867087816435,-1.3004815379779164,1.828675165226456,12.016674334509057
2000-03-20,-5.60276342962464,-1.436468623525737,3.1953489093067864,11.118526315719153
2000-03-21,-5.429151983485221,-1.944403033739115,4.697047520129255,10.865006755587995
2000-03-22,-5.1827112565090605,-1.4889026793047224,5.581207071972981,11.644934912979323
2000-03-23,-5.589476755744743,-2.9077704867454903,5.4951845614431285,11.665729957711356
2000-03-24,-4.913529706662678,-3.5807179411267187,4.586063275772346,11.05205371534595
2000-03-25,-6.196360049142548,-3.3024808090400324,4.195598985009905,11.012915763748286
2000-03-26,-5.889734614009648,-2.3351565429193233,3.795180947238705,8.48133541404135
2000-03-27,-4.187699313010705,-0.8211574460214854,3.7436403729863206,8.17686215634908
2000-03-28,-5.138413506094831,-0.5341052997257985,4.593428118595893,8.903180407172409
2000-03-29,-5.155131004831508,-0.3744908476000842,3.249846957710524,9.866090528461859
2000-03-30,-5.166466561950742,-1.165055830508646,3.9331004331661523,10.375687491666595
2000-03-31,-3.7439753662534945,-1.2205188032252916,3.6776835931115457,10.949885755794885
2000-04-01,-3.4731728949765976,-1.3346094670176152,4.967499899112739,9.305767987653153
2000-04-02,-3.728109343151689,-1.696604563062647,6.241867595201734,9.575219242353443
2000-04-03,-3.3423338063095294,-2.2465650952065257,6.79510768020285,9.856533684365333
2000-04-04,-3.5026088987722894,-3.029201432316623,6.5642804266756185,11.327366683526266
2000-04-05,-2.39760448941749,-1.6549406778114855,4.855744260640321,10.38413044861357
2000-04-06,-2.0113316615231414,-2.9493142614886128,6.749579607879687,12.807655795161127
2000-04-07,-3.2984191438917154,-3.305299031399302,7.1588463047948245,13.15469912630437
2000-04-08,-3.8479916189962644,-3.923233620522054,6.6439212260164275,15.213319862669016
2000-04-09,-4.587796984920255,-3.720827518023185,7.466867047188034,15.507325103445744
2000-04-10,-5.551616292319074,-2.2423420701845247,4.711686312608855,15.606430500666793
2000-04-11,-5.948036139583225,-0.9180579981135073,4.575724330146048,16.50238121362861
2000-04-12,-6.6863049390189575,-1.6872900876792647,4.193621968877538,16.04347226327915
2000-04-13,-7.428911298309153,-2.5099514378883376,5.221963096890584,15.561414169914324
2000-04-14,-7.030334406853328,-4.127210696242901,6.284805627710026,17.173620896185778
2000-04-15,-4.07075721742868,-4.175446821556042,6.836196650029183,16.690348061701936
2000-04-16,-4.9224117624088315,-3.434006254949609,7.019505625395659,17.792172604734475
2000-04-17,-5.660171200252482,-3.0180698858903807,5.215210736456522,21.025290818364688
2000-04-18,-5.741126355891058,-4.018289366034158,5.258465685497939,21.287032500485058
2000-04-19,-4.997373810448705,-4.3727947676540815,3.760278415543132,19.138428840399015
2000-04-20,-4.985606734072996,-3.869938580523691,2.693201488836562,20.50801256242495
2000-04-21,-5.453348939507932,-3.3086589815460394,2.1417978295513307,20.784682863032604
2000-04-22,-5.0027102407453405,-2.734133628162088,3.3409322824260848,19.61598835537713
2000-04-23,-4.944870912196929,-3.636322408868776,3.5937830754139406,20.88290563857555
2000-04-24,-6.222861990652864,-2.7187850594724745,2.2155863466496166,21.36438876005921
2000-04-25,-6.80033330368363,-1.9917648657614864,2.32430278861044,21.08730132695315
2000-04-26,-8.24237695106165,-4.066868950428363,1.1768040112563964,19.860756681197238
2000-04-27,-8.43841474900824,-6.862520288796135,2.7611383214758964,19.880304311443446
2000-04-28,-8.741461111800053,-5.835307478479324,1.6517877986708014,19.80957688207027
2000-04-29,-9.275737884834903,-5.545595536783283,2.8220760594924172,19.89627405132428
2000-04-30,-8.677769555746218,-5.926846928160586,2.324588921858045,19.44502896027957
2000-05-01,-8.620782020236884,-5.057108298508235,4.290088593280121,18.489674061171435
2000-05-02,-8.786883865949362,-4.975056561519564,5.050420803858697,19.72189378010407
2000-05-03,-9.783994137399516,-6.7646579591825855,4.3779817947455015,20.376458633107262
2000-05-04,-11.717212100193118,-6.1359453700774695,4.259943662204414,20.39485250013011
2000-05-05,-13.382903695793562,-6.387730545445011,4.30332810586802,19.717221423844848
2000-05-06,-12.248133487510072,-5.542060759471643,4.776700143106715,20.609285190642314
2000-05-07,-11.982965478142841,-5.272456727109906,3.771932860871948,19.953936134787767
2000-05-08,-12.915703929136255,-5.940809146720027,3.4409042834791324,21.31453621250909
2000-05-09,-11.30729864767229,-5.701682093677005,2.3662709098073273,21.99849614338609
2000-05-10,-10.276458801035316,-7.946190751833134,1.1980120081438632,20.7663540877931
2000-05-11,-9.131577267634535,-6.907220703116721,1.583619505994229,19.93860021588769
2000-05-12,-10.60723470907897,-8.794640149295493,1.3927083253553652,19.597498889623353
2000-05-13,-8.352059302279617,-8.89665956221789,1.6484301936015096,18.929653667755755
2000-05-14,-7.150007722390471,-8.878596270199251,2.6833323060233436,20.804519562930594
2000-05-15,-7.274733356623637,-6.5144130196724,2.882557870275124,20.72283738920512
2000-05-16,-8.582010676079008,-6.685369809063862,3.5390069160010893,20.444832830631935
2000-05-17,-6.755930540943344,-4.850236157396785,4.509992606305092,19.553291495124796
2000-05-18,-7.327555946235748,-4.1099436816283585,6.104674359745174,21.663005814929644
2000-05-19,-7.352344155444705,-4.275618049951388,6.740041958280542,22.267899547069028
2000-05-20,-7.590283577546625,-5.167383885310405,6.673486280280316,23.75025743356289
2000-05-21,-8.264762468397432,-4.644561400729512,5.5170012395129975,22.952148700072645
2000-05-22,-7.85971670777725,-5.21376794895603,4.820342181020321,22.22934817360954
2000-05-23,-9.722608416507716,-6.042990623118694,3.529722062389321,21.6537074818582
2000-05-24,-8.61719489546725,-5.772275929906778,2.996349062462305,22.726862080859252
2000-05-25,-9.173165529210184,-5.628558856994654,3.7448057436858946,21.295874187189693
2000-05-26,-9.397644360093267,-6.928928745907548,2.228276554884565,21.4871040609358
2000-05-27,-9.610353695671298,-5.909714793488936,2.839345015526011,21.340170476563934
2000-05-28,-8.39125546873215,-5.210384848216653,1.4180411181938917,21.148669389056145
2000-05-29,-8.278091725211132,-5.99829898781502,2.2019776470594414,20.37418133539995
2000-05-30,-11.36874135926147,-5.718168367133243,2.9397016508758185,21.08716165101385
2000-05-31,-11.190602714277937,-6.300616977115954,4.340049339361156,22.030201770667503
2000-06-01,-10.285692989284295,-6.636269663806922,4.5105486480365125,23.070394053577797
2000-06-02,-10.24209656345164,-5.020338552651515,4.750180150473116,22.39862604109746
2000-06-03,-10.182491111176466,-7.030850331878131,6.335619843624927,21.590750450402503
2000-06-04,-10.37815174552711,-8.219157481477362,5.9949199640285835,22.25996699691643
2000-06-05,-11.454998413115542,-6.720272808531793,5.216645370346654,21.934658628313976
2000-06-06,-11.05720416999468,-6.8876942484494625,6.197115204779748,21.839785332052113
2000-06-07,-10.894246265227784,-8.871716388609928,6.806267049943866,21.038967313010943
2000-06-08,-12.258535909954748,-7.871736368589011,5.029029891798293,20.610278168758317
2000-06-09,-12.431452993213277,-8.73645239870449,5.4962321684263715,20.724501637155285
2000-06-10,-11.682834952203638,-9.280769313927903,6.773170011811261,21.623207844808825
2000-06-11,-11.128498830650775,-8.564442330110381,8.524863855257614,22.600216785449742
2000-06-12,-11.096133979756782,-8.599582357717122,7.418298033895942,22.845458791978007
2000-06-13,-10.855436970265753,-7.687414477682602,8.022617602225125,22.48497823548914
2000-06-14,-11.716543735832978,-6.342399799263661,7.58368806949317,22.168653496553212
2000-06-15,-11.497444167298239,-5.017034408737509,10.282758842018463,21.271139080165806
2000-06-16,-11.185445681989151,-3.18074944117737,9.274291701988886,21.98338326846078
2000-06-17,-11.243736575262888,-3.859792441818928,7.963008563885223,22.875916074329716
2000-06-18,-12.040511356250477,-4.137741146948398,7.22085953423175,23.78380800476412
2000-06-19,-11.199600474451467,-5.003191986306647,5.851944305565128,22.38684775494979
2000-06-20,-12.385328544183409,-5.729049558173023,6.259320810702658,22.236537881522548
2000-06-21,-12.939963324154087,-4.604183174129066,7.318776366444585,21.944809524720824
2000-06-22,-13.106148015317569,-4.60005946794018,8.828756189530871,19.04556224669308
2000-06-23,-14.90626213362965,-3.9155348907989977,7.66862624211927,19.45305976468167
2000-06-24,-15.021217936613551,-2.880785834212654,8.541701374905635,20.113566549900785
2000-06-25,-16.57554242152873,-2.835772166263094,8.471086995568106,19.344553634986312
2000-06-26,-16.660440601519948,-4.588724481555996,8.604845993490807,18.280562098011597
2000-06-27,-16.848001784886034,-3.7660046392452844,7.8983405003293905,17.980917976733053
2000-06-28,-17.201548256972178,-3.877905432514713,8.477800524737498,18.51764978722469
2000-06-29,-16.989233606381177,-1.6294487633898194,6.5725671648078166,20.08518493497821
2000-06-30,-14.496402213348524,-1.2308137469054412,7.186104707858134,21.85584907551811
2000-07-01,-13.924609800141498,-2.6577352182418172,7.093468765421963,21.150540694960135
2000-07-02,-14.72616207873508,-2.2222381044803305,8.370893949122198,19.697920413522663
2000-07-03,-14.359688827285476,-0.8833761876080013,6.949939178632306,19.604045621019544
2000-07-04,-14.36582414503765,-2.1118937251316017,7.503757489114791,19.443350343093055
2000-07-05,-14.305103660415304,-1.1060794962052714,8.380576509511478,19.2362700290128
2000-07-06,-15.092443057891872,-1.4911995368066862,6.64437069608686,19.895522784466483
2000-07-07,-14.865330962287183,-0.4850341997492351,5.367363284265212,20.232674335650927
2000-07-08,-13.53915312544272,0.8491942149739089,4.8076399164218095,19.241454985113986
2000-07-09,-12.99306878611573,1.1877146928667548,6.569978497938546,19.48570524635691
2000-07-10,-12.58382070485695,0.3382423707967833,6.903230465578391,19.550360709114468
2000-07-11,-13.499305689469567,0.35447347701356013,7.684054912724035,19.872617389193998
2000-07-12,-14.703335533968104,0.8889760402465763,6.002123443217923,20.229924690882587
2000-07-13,-13.890432611129315,1.4234119891329344,5.771356068562447,20.493247869186167
2000-07-14,-13.152401573281638,2.3395628661231385,5.340909990921183,20.12545694524297
2000-07-15,-13.65344929389418,2.856605940114348,3.893648283780449,20.5931673467016
2000-07-16,-14.360588208391617,4.47983593344729,5.193508939407067,20.296300347089723
2000-07-17,-14.160171598430509,4.158100823240773,4.578413285265504,19.89096991888744
2000-07-18,-13.458062080196887,3.7591344228213557,3.9724046784305775,20.04169377684754
2000-07-19,-12.411158598298574,4.288835044247021,3.27887626091595,19.182186707603822
2000-07-20,-12.056529499555797,2.3702278244890036,2.9223359727639355,19.03160242832817
2000-07-21,-13.537893278457432,2.866466093486025,2.646019517160206,20.635856887598198
2000-07-22,-13.629677015298734,3.8343182367361646,2.6659875935163235,20.087299050041242
2000-07-23,-13.646549384937149,3.617428326469649,2.6347757597501387,18.117361164847967
2000-07-24,-11.81988439755603,3.225961142499544,3.616136911838691,18.851835046093342
2000-07-25,-10.779915128199455,2.292080572325519,3.9597688620388385,19.08825035110058
2000-07-26,-11.745367674343042,2.1953709553195613,4.290462640765045,21.167813284621904
2000-07-27,-13.28932710789815,0.11490333633910588,4.214258042783947,19.84631965241165
2000-07-28,-11.285812188485526,1.010030354369778,3.3096756965887986,19.546750397775735
2000-07-29,-10.36719627373882,-0.7602990584225435,3.1749074928642402,19.83688424232494
2000-07-30,-10.286650233921907,-0.9292615533434112,3.5092226388103076,21.11947639682132
2000-07-31,-10.666133794242253,-1.735755649135248,1.486767167289969,20.482416822028956
2000-08-01,-10.412889249110762,-1.5168343931679,2.026357381225293,20.24964625617769
2000-08-02,-10.074353366720647,-1.0683368284799235,1.7039272486553902,20.74203475803846
2000-08-03,-8.831151751544482,-2.0958699662124025,3.628733755592363,20.03024651979313
2000-08-04,-8.452922602226938,-2.976709141347964,4.943314723644702,19.234432068855714
2000-08-05,-9.241780666302958,-1.2841767368392096,4.727015648531965,18.128981167508055
2000-08-06,-10.277488638745332,-0.5170240301060248,6.308840404713615,18.60924805443813
2000-08-07,-10.867034992272965,-0.8723244457216935,6.488068962287376,18.868624189643995
2000-08-08,-11.70505927309482,-1.6913679234346195,5.906117289060253,20.79812822981757
2000-08-09,-10.458439259674837,-2.9785099471442136,4.487804330639019,20.76994580043644
2000-08-10,-11.242307798432686,-2.9900260790077904,4.6926747661102945,19.391960726792068
2000-08-11,-9.83987203533238,-2.9779232484720146,4.7135562896690075,18.828321486837034
2000-08-12,-9.775579118368091,-2.673218025433915,4.235511869036789,17.837115566492066
2000-08-13,-10.176563328109324,-2.292040076709163,4.148954607574625,18.66685924327858
2000-08-14,-9.875049805229931,-2.3057554403289497,5.113391194534219,18.397137758858396
2000-08-15,-10.204432212525209,-2.536059103952203,4.580527862239781,18.110609202311977
2000-08-16,-9.600173737939258,-3.772435961075529,4.682378721810944,19.922266803198436
2000-08-17,-8.743437294942932,-3.898808951404976,5.403398029866628,19.987646664313814
2000-08-18,-7.192964484248339,-3.945639068086148,5.176187299464342,20.635970603701715
2000-08-19,-7.051756440121985,-5.006176831809498,4.2586260060824,19.451105279851678
2000-08-20,-8.22253902919303,-4.247792677115907,5.712091229066867,19.05043464540939
2000-08-21,-7.57923100073942,-2.7005784146171905,6.0027988620967685,18.252716346284384
2000-08-22,-8.298966441599845,-3.6626981149049533,6.006047611144828,17.12587680395878
2000-08-23,-8.474842079164633,-3.8592719001945346,6.938624148691426,17.652568260819553
2000-08-24,-8.380439631772411,-4.259691670976987,7.16029639938139,16.403216050419125
2000-08-25,-7.983304598964714,-3.527852389570315,7.567528718817306,15.887651285721974
2000-08-26,-5.858971332380204,-4.0039745874560655,7.66367117388504,16.481253651694036
2000-08-27,-7.289261294825976,-5.097412264525708,7.133003164213299,16.282883397799264
2000-08-28,-6.938188430715413,-5.102423491973093,6.265898609936231,15.525100680141222
2000-08-29,-5.630052507421556,-5.391294773934751,6.933745817382059,16.087577803161253
2000-08-30,-4.823596946303548,-4.1885745123429565,7.533332287586704,15.401077880848092
2000-08-31,-4.572275313404741,-4.069724216852437,6.355900749226012,14.856882249338941
2000-09-01,-4.669438295960498,-5.3306783706460195,4.418675082580833,15.286986465035561
2000-09-02,-4.952104128918077,-4.5124881308418185,2.7890369561919535,15.585638983145802
2000-09-03,-3.7345431995882175,-3.3120265067471295,2.333928947360148,17.155858962456996
2000-09-04,-3.9180324026184103,-4.119828560567069,3.025744778151989,14.72554274763677
2000-09-05,-3.344810563299462,-4.287684331914102,3.687434368755245,14.908759397979841
2000-09-06,-3.7630747370296547,-5.490929304261774,4.64729565179754,14.50206955150599
2000-09-07,-3.837303750734793,-4.179291046089748,4.168795344775184,13.913032813538786
2000-09-08,-3.0021008010696573,-4.008814585226071,5.324070899126738,14.194772442758955
2000-09-09,-2.1818647935383257,-5.175134541478603,5.447453654585896,14.549637061276272
2000-09-10,-1.1534790649818762,-5.408348721186189,5.519932885682178,14.241845074820613
2000-09-11,0.15802214483768373,-6.824013234586333,5.462853195001304,13.799607757583905
2000-09-12,0.3455668815037084,-7.276471129233957,4.53475984115643,13.82378246168523
2000-09-13,0.3363578249121992,-7.670165531438106,2.4765181263543545,13.65711572287678
2000-09-14,-0.3101284543265434,-5.8655112843138735,1.300394670653247,12.754972202049876
2000-09-15,0.46023765239916287,-5.35994711664223,2.2445772404375646,12.114079776973453
2000-09-16,0.6833927122142173,-4.3764063513681934,2.0068202012950245,12.969256510630249
2000-09-17,-0.6416826396187506,-3.963110395600763,1.189811782723957,12.351729076383716
2000-09-18,0.07921172601632731,-3.8207124313618204,0.4378226148337956,13.757975885508053
2000-09-19,-0.05942811910968357,-3.855837168662441,0.9529559325198006,12.594872172360699
2000-09-20,-0.1256836055829575,-4.412794862622534,0.27934987381612575,13.642337189108657
2000-09-21,0.2506703211243053,-4.246126158963421,-0.9638270485608105,13.287675318787997
2000-09-22,1.9629388512286257,-3.92998919009585,-1.3367962081952158,13.914695086748685
2000-09-23,2.0012257405388625,-4.005799698781035,-0.8741375123470256,14.489654575270222
2000-09-24,3.4149437398255142,-3.70011097319775,-1.7396691997369516,13.55715204448813
2000-09-25,3.3421354869229516,-3.8899979693599414,-1.7992018030120234,12.684346079701964
2000-09-26,1.7440705697401544,-3.859836347120343,-1.8466131325218451,10.409970372983167
2000-09-27,2.8702573438768315,-2.9955768039478876,-2.924422024310233,9.632569431143477
2000-09-28,3.044646406663403,-3.9252294521699556,-1.9319573226299827,10.111954075377048
2000-09-29,3.78787185347094,-4.1277227483859,-2.197502222931754,9.674193633369173
2000-09-30,4.193766127608068,-5.636682873318619,-3.2100087226852447,9.636963962542032
2000-10-01,4.194242867337457,-4.526295146420696,-2.126140875064618,9.41088939844783
2000-10-02,2.3631228508359743,-5.594594475084384,-1.2955959073230363,11.037826680979881
2000-10-03,2.4440636097216917,-6.471470528140882,-1.0450805944611787,9.524317700171315
2000-10-04,3.2758705752829664,-6.436665656603808,-1.0259011579394968,9.583249457492892
2000-10-05,4.9428995486268406,-4.942684849701662,-1.223410510063598,10.53453693906313
2000-10-06,5.160977304504598,-4.104935882863819,-1.2428557801969105,9.93736251177466
2000-10-07,4.929244758362908,-4.489363348481771,-2.329835385237983,8.852459008833463
2000-10-08,5.615178544573701,-5.123460562697543,-1.9879385596933317,9.904532896300205
2000-10-09,4.877190148996593,-4.1847313708913125,-2.635285666415995,8.126703725763054
2000-10-10,6.373037878788608,-1.586326521151602,-2.518494649399619,9.421855369283872
2000-10-11,4.212571453803205,-0.6174258132823532,-3.934161220230123,9.401362324806492
2000-10-12,3.2156584521018035,-1.8947829669774818,-4.910129433722126,10.21065191970038
2000-10-13,2.842897309893337,-1.9372633981959784,-6.427690749091237,9.326848131628568
2000-10-14,3.1373090857748016,-2.8722787368997054,-7.987893204044324,8.033692252099788
2000-10-15,3.6401287702690484,-1.3717782573652528,-7.3424650116778665,6.775308585955614
2000-10-16,1.2646864247613712,-2.561682592499583,-6.490072681197821,7.16658846157605
2000-10-17,1.5005792734636052,-1.999116975221743,-5.976966347874304,8.78801615649409
2000-10-18,2.162959297258398,-1.9387757050752288,-5.145514012146586,7.2730381166078875
2000-10-19,2.409419608316693,-2.8601387418295117,-5.138470716937643,6.982253782306246
2000-10-20,1.3971239070501247,-3.0425805375815203,-5.070628905230349,6.921602555327996
2000-10-21,2.743241206776097,-2.4234012464763044,-6.583689479716902,7.482175832962799
2000-10-22,2.4691793001912736,-0.2701369486185876,-7.307812281412718,7.321510346304211
2000-10-23,0.6064747364693093,0.6140152749883263,-7.89425880646454,7.9293378188907555
2000-10-24,-0.7095968186925965,-0.21784239630306723,-7.674293897818465,9.239049631169364
2000-10-25,0.014464218802433204,1.6713023826718203,-7.683267462436554,10.159276794466505
2000-10-26,-0.4267299203668918,-0.20881919030902818,-7.748351760030823,11.525763732274182
2000-10-27,-2.2414674207015,0.3027219154427899,-8.488282490998342,10.782908648476202
2000-10-28,-3.2624912847779344,0.414109179996366,-7.853531157791105,10.421038614021588
2000-10-29,-2.2761899170477022,0.831310365695774,-8.540393652210529,11.324493659924782
2000-10-30,-3.8840460454778256,0.6459380252186502,-7.88704985406553,12.201527465949454
2000-10-31,-2.808895951734621,0.9745960246440091,-7.369021444949398,12.239868684305184
2000-11-01,-2.4430307731823406,1.63936759977068,-7.693012191052957,10.054920802037714
2000-11-02,-2.9610890534072207,0.8216341536823495,-7.44205091256339,9.755255695154812
2000-11-03,-2.5563338249802032,0.06327637486866233,-7.641349644079864,10.821171316504692
2000-11-04,-1.6828546819502566,-0.6772346829538084,-8.387157303656014,12.234880310148615
2000-11-05,-2.8145572430366697,-1.1228864346257312,-9.447724101356672,12.205046392500362
2000-11-06,-2.9648812814224774,-0.7867036153421345,-10.024577549343107,12.158707990780833
2000-11-07,-1.4316796254480677,0.17582876192181718,-8.348384407102694,12.403563769851859
2000-11-08,-0.5912784564525553,0.9622541238164533,-9.284916034894561,12.189538593430282
2000-11-09,0.8156631204076918,0.37630647824311914,-7.724558617497664,11.826311005694292
2000-11-10,-0.33176878118342334,-1.127839745062085,-7.202254121510859,13.168754372006802
2000-11-11,-2.230691708121661,-0.1475406563686319,-7.665070497311931,11.938995373740536
2000-11-12,-1.9629011482579748,-1.666932773419231,-8.053852353225942,11.270394440396377
2000-11-13,-2.1748703084116445,-2.1312582451121815,-8.052492728395286,10.655829124579805
2000-11-14,-0.5296822725599253,-4.383799302255708,-8.865442810169034,11.269997926318975
2000-11-15,-0.9629837018542755,-4.240483337986606,-9.367680541284571,12.117863086643164
2000-11-16,-1.5287862612458496,-5.510880992329129,-9.484333677885317,12.764570724605672
2000-11-17,-2.4157025142249373,-5.51982545243297,-10.510452892732625,12.369241318272406
2000-11-18,-2.0979761676447675,-6.412938021295432,-9.884334098315724,14.706728049250206
2000-11-19,-2.7404771983562988,-6.589350672453812,-10.4352503654311,16.002898999840877
2000-11-20,-3.56558401720223,-4.829067403119343,-9.308487091990505,16.861508278429376
2000-11-21,-3.8764165732768285,-6.127514628553763,-9.005971521756202,15.758767847065531
2000-11-22,-4.470851674890289,-5.796735987184643,-7.600865509415259,16.30830544289084
2000-11-23,-6.486108053427563,-6.543023439478041,-8.996421365061282,16.900321012050053
2000-11-24,-7.645358803818878,-7.244782016655309,-8.788411991918931,14.539527498021227
2000-11-25,-7.936239363056544,-7.280572836795721,-8.623294089888281,15.720611218205883
2000-11-26,-6.254348370099277,-7.993006814302389,-8.229880654820683,16.814383621552352
2000-11-27,-6.360768109814866,-8.837596380164594,-7.288614375493397,15.400799610446247
2000-11-28,-4.514903619950121,-9.304198967604428,-6.740038676812327,16.041969971772698
2000-11-29,-6.017165424788925,-9.781617227136103,-5.642717362794672,17.447939959832393
2000-11-30,-5.031734994822384,-8.741288492196702,-6.302349522009859,17.919863536551983
2000-12-01,-5.1861936405313855,-8.884329934613186,-5.593948588189555,18.63704140566192
2000-12-02,-4.398711750311152,-9.91817186674953,-6.72208761799984,18.196637170654107
2000-12-03,-4.105901064717688,-8.331302465106797,-6.3410576529582885,17.314323254539374
2000-12-04,-2.343431911911057,-8.864484975521192,-6.48213481126581,16.77067840629803
2000-12-05,-1.2260846543255033,-9.100418250717867,-7.524449267847064,16.891109590094747
2000-12-06,-0.9507801130746362,-8.930751264292365,-9.171325992638753,16.302578827468057
2000-12-07,-2.4645447775338982,-9.506643309519207,-10.084654823325778,16.058304343568587
2000-12-08,-2.1050480841135326,-8.097089674386948,-10.110944481337036,16.684481985748516
2000-12-09,-1.5359140484365095,-8.00050327486915,-12.156939968522948,17.99583936923423
2000-12-10,-1.4340028624673185,-9.052230133285637,-12.237059220449616,18.651749983752197
2000-12-11,-0.21419461963066388,-7.9529734387209885,-12.313121226009613,19.386120829186986
2000-12-12,-0.8552788860155979,-8.192325668661796,-12.512986420048332,19.08042496357884
2000-12-13,-1.5245017141738675,-9.742222147897104,-13.171956592189337,18.78868748837899
2000-12-14,0.20519960136138726,-8.059980015374911,-14.575035448521767,18.90698944805202
2000-12-15,-0.061456401503390434,-9.4714979379717,-16.25819641520865,18.24619767842337
2000-12-16,-1.7052288302321523,-7.069192760220952,-15.529801228357176,18.00324281773534
2000-12-17,-2.5794512822499023,-6.124663295173625,-15.012161328013075,17.58461623849381
2000-12-18,-2.0033102070382975,-7.293653477506638,-14.70436047898825,15.721619966484408
2000-12-19,-2.706470051308174,-7.054361961679327,-14.620713824116512,16.438832547665992
2000-12-20,-1.3522569134839588,-5.677735873666969,-14.15151854137247,16.69484320805903
2000-12-21,-2.3218026882639404,-5.549817781200543,-15.529649771631236,14.747410017571033
2000-12-22,-4.4093296033760225,-5.740527762316531,-15.422151984604966,14.301665178043693
2000-12-23,-4.986616745194021,-5.603058744363573,-14.163610909008963,16.323487039313484
2000-12-24,-5.36224128206546,-4.924178287658748,-13.610200761250606,17.035613412723123
2000-12-25,-5.131908094885238,-4.699498624597735,-14.496040172788126,15.845359000372568
2000-12-26,-5.645078438127992,-6.046784667359466,-13.393324327796442,14.901149568031004
2000-12-27,-6.513897777227193,-7.298225147666766,-11.130325800674955,15.693606069752809
2000-12-28,-7.291374532322272,-7.960752869691654,-11.5718012601565,15.981690934722588
2000-12-29,-7.022134631186196,-8.160961388008172,-12.36913343684406,16.790106028147093
2000-12-30,-7.279540129626417,-8.39686075720327,-12.793088146662395,16.42568640431733
2000-12-31,-7.7481282690172195,-6.67677458128542,-11.96018725889007,15.680174309834989
2001-01-01,-8.849862188024062,-7.261596581981501,-12.822823651411591,13.761894805049245
2001-01-02,-7.478548406312546,-5.210587462235665,-11.832826221703176,13.431157244751624
2001-01-03,-8.07617475682745,-5.41689527032441,-11.179335868223646,13.198174661285194
2001-01-04,-7.209703807070877,-4.16865713306198,-8.347274767807582,13.059529484268298
2001-01-05,-7.465794162956749,-4.723798135843132,-8.773533408906674,11.204137973774998
2001-01-06,-8.405163869670327,-6.004283714264913,-8.646250686706965,12.753041037542598
2001-01-07,-7.840822755974095,-6.585389205931272,-10.169154077673836,11.67334980354191
2001-01-08,-8.329816051220371,-6.99217034218547,-8.746157099051386,11.94938809504969
2001-01-09,-7.072533241306316,-7.095207844644943,-6.8084845008174515,13.625831598329846
2001-01-10,-6.589606582860227,-7.4196418721207165,-6.175475364688546,14.34060691481154
2001-01-11,-5.559969554029411,-6.609095320927396,-5.2337340968123645,14.390613194853104
2001-01-12,-6.007442322810202,-6.7320917933554565,-5.879262576052478,14.627042552682113
2001-01-13,-5.2887502502348935,-7.112677422413812,-6.083838471784918,14.378328142832626
2001-01-14,-5.694793349557551,-9.510313193280474,-6.612629591824543,14.057915238209604
2001-01-15,-5.532188298307083,-11.424519695257622,-6.501626330123981,13.696478518075528
2001-01-16,-4.439215277845222,-12.086215743128221,-6.769453646222974,13.631791617473091
2001-01-17,-5.628101083478132,-11.069431816214136,-6.525986643163479,13.529178404874093
2001-01-18,-6.477931236697207,-11.864290184106771,-8.01311665532302,14.215433050046471
2001-01-19,-7.181729349562054,-11.831223179372326,-5.635516801941711,15.023061002261995
2001-01-20,-6.8230607416191615,-11.527414065778382,-5.122058537229769,16.215696141991664
2001-01-21,-6.161732279141899,-12.56265618391567,-5.280689301997803,17.36998559879851
2001-01-22,-6.127007022780653,-13.59147279831656,-6.3205089541090915,16.065563534208888
2001-01-23,-7.410415792081517,-14.968438512984822,-5.287830144831041,16.427264481224825
2001-01-24,-6.357323961041897,-14.920525698816357,-6.285412623395146,15.808008174947087
2001-01-25,-5.732641707032362,-15.741250694144632,-7.674191046396977,16.087103028945286
2001-01-26,-6.985262832712779,-15.067883853470063,-7.210051163955756,17.086060863655057
2001-01-27,-6.251099666635829,-15.256305158663814,-8.059546628048384,17.674840579597113
2001-01-28,-6.084862352543546,-14.289908987340462,-9.611473191710411,18.71052417866665
2001-01-29,-5.988795649004648,-11.747445849227201,-8.2033202581733,17.256960911081816
2001-01-30,-5.77363572666869,-13.222370674629232,-8.202110849152122,18.124426130440565
2001-01-31,-6.951422102201698,-13.409784681012722,-5.877441948902039,18.34819561699334
2001-02-01,-5.556982014455877,-14.279537829893009,-7.046009973656549,16.911958172074247
2001-02-02,-5.973900804044374,-14.175763329665497,-7.773933414925517,16.57335863824735
2001-02-03,-7.511559040731036,-14.373083200245912,-7.278093184278097,17.290407471487907
2001-02-04,-7.901887471575808,-14.970747410135939,-6.988701925942585,17.231102957297363
2001-02-05,-9.688550115803345,-15.046709243182187,-5.9305596120888415,16.854907486115373
2001-02-06,-8.274047972090061,-14.680057894343122,-7.385870293194898,16.710756209778697
2001-02-07,-7.806522241944108,-16.099611788515407,-5.3845915528581685,15.50597837941201
2001-02-08,-6.611142374355957,-16.467726568520458,-7.098661721118155,15.376785623088614
2001-02-09,-5.993741296177953,-16.18887723124479,-6.166127487907829,16.640737769669247
2001-02-10,-5.0638771995699745,-15.581209662699957,-6.434226595000475,16.00049047932011
2001-02-11,-5.118450542722028,-16.767398675481182,-5.028658458605405,16.57516547873901
2001-02-12,-5.548935251747041,-16.039987681058548,-4.849083338120052,15.818263730541885
2001-02-13,-6.419680318827123,-16.3371374974325,-4.179898084205983,14.67913895925606
2001-02-14,-5.09719512977369,-16.34463740228897,-6.103168077279566,13.834965200514219
2001-02-15,-4.703339538467953,-16.47626413537438,-5.981653859527483,14.428087824360349
2001-02-16,-4.292697968800418,-17.145393278413444,-5.026756059100439,13.33727563635521
2001-02-17,-5.783679521535591,-16.319868366868917,-5.0437996949855295,12.657640499292746
2001-02-18,-6.264098249422452,-16.749143330851943,-5.889855303107462,11.696625696357057
2001-02-19,-5.4114036513840444,-15.797326676698134,-6.513399237623126,11.662706346726358
2001-02-20,-3.8759759504879607,-17.154095333468664,-5.327377847320699,11.067581451568367
2001-02-21,-2.5259981759628554,-17.585678800193108,-6.837990654544733,10.624006290873167
2001-02-22,-4.237630307888457,-16.87039157513224,-6.382580698899863,9.309591830464614
2001-02-23,-3.4871608314584557,-15.245434716325086,-5.754640918363535,10.079659009514359
2001-02-24,-4.397424928444065,-14.889597143793631,-5.515203990726202,10.449244530629729
2001-02-25,-4.981562812208426,-14.975054404281382,-5.771646286605147,9.797995082958892
2001-02-26,-4.501629282501318,-15.04003974312041,-6.784229825136523,10.763017498497687
2001-02-27,-3.7151683009806042,-15.319939608778817,-6.863691601294184,10.220723500767535
2001-02-28,-3.377749853830757,-14.577425724307714,-4.520633509337463,13.577493793129092
2001-03-01,-4.375947204520808,-15.259633820138074,-4.94921748553038,14.210201217155062
2001-03-02,-2.4997499697923873,-12.547250077932683,-4.625112942965037,12.193335115112776
2001-03-03,-2.1786283097359496,-12.765565187319298,-6.226518426788449,12.700991661437913
2001-03-04,-1.504312494122457,-13.475939198466412,-6.624146957523459,14.084011954670261
2001-03-05,-1.1586864446911718,-15.327749114992514,-7.309581976766145,13.195544190433061
2001-03-06,-1.7197272958820196,-15.565972079692237,-8.373042410373078,14.533574259957778
2001-03-07,-2.3652865400247767,-15.434313487169177,-7.868127025593527,14.601939479098068
2001-03-08,-2.849594992284494,-14.841906003051736,-8.738578135065124,14.955720011202997
2001-03-09,-1.89125408929117,-13.869923819835067,-7.436795414677492,12.801946612281826
2001-03-10,-0.8376975703112415,-13.24990039240581,-10.677563969878639,14.104543989602654
2001-03-11,-0.3415323283424053,-13.567596219162722,-12.265491873451262,13.43911966105674
2001-03-12,-1.5195530494134175,-14.098635226397851,-13.246925877723426,12.780921390667068
2001-03-13,-1.773433904424902,-15.681456964360393,-14.463919775983099,11.348161391521975
2001-03-14,-1.380197083856235,-14.246268683064958,-15.849465595592306,12.515829717701227
2001-03-15,-0.9847377108186086,-14.496489677061273,-15.279125817477958,12.287082043587027
2001-03-16,-1.1746111899646445,-13.590266074495133,-15.091828631753021,13.58740850245205
2001-03-17,-1.204277237336912,-13.403650388913059,-16.58615365309161,14.841834033196667
2001-03-18,-3.0671157986913005,-13.65373814972585,-15.938584057587244,15.488245219968649
2001-03-19,-3.736498546475051,-13.196295367460953,-15.19231853488271,14.428218085386783
2001-03-20,-3.5277695255922543,-11.636053073357457,-13.669025195484942,14.490324944231189
2001-03-21,-3.943641637607961,-12.158335513726612,-11.492997476951222,15.56907564962279
2001-03-22,-5.202735652983314,-11.461225209226585,-11.147848893378162,16.51494388057799
2001-03-23,-4.033920377957807,-10.619859313614093,-9.9043849871654,17.053891640032507
2001-03-24,-1.7966936875423078,-10.737364413066672,-9.665856243590571,17.438342160773498
2001-03-25,-0.7549183869547169,-10.885668080779977,-10.29037040061019,16.277229418494766
2001-03-26,-1.034796394337961,-9.674424549967988,-10.54095969236343,14.989424846724734
2001-03-27,-0.8420396342371206,-7.424172944221864,-11.050369510557166,14.54971303216683
2001-03-28,1.07887466470567,-7.203560136459304,-11.632454394147064,17.17611795333545
2001-03-29,0.3141534687345451,-8.182028099274442,-12.855813567735003,18.07583529370906
2001-03-30,1.317188737269484,-7.4555240048572236,-14.283984284743719,16.807136631354055
2001-03-31,1.7772817562468954,-6.712660301827978,-13.644643106974735,16.969467169196292
2001-04-01,1.5606111883831801,-5.944817393246208,-11.966445622440643,16.335439045586064
2001-04-02,1.297526920763585,-3.7052920896871724,-11.395422012953905,16.760498269771674
2001-04-03,0.24360528185435437,-5.633535654091444,-10.171891040632467,14.81521310576595
2001-04-04,-0.23191041046672983,-4.382119865493676,-10.970408123597943,15.5438006166452
2001-04-05,-0.7996429451065898,-4.879629291226208,-10.068956815252319,16.716581438513735
2001-04-06,-0.6648073371175187,-5.802668424277997,-9.277540266453693,17.309181220484216
2001-04-07,-0.4580388536950621,-7.197013000369836,-8.465068999191772,16.722731603575536
2001-04-08,2.1920886969480566,-7.952984582623914,-9.491309796340794,17.408025852078826
2001-04-09,2.1070940261276796,-6.553356108213482,-10.262413132938232,17.022854652894118
2001-04-10,0.703878316363707,-5.305806041330892,-11.161149690155614,17.656425206308683
2001-04-11,1.6531033150453305,-4.606238164611832,-12.565994860865722,17.598340457947756
2001-04-12,2.7910462446456403,-5.620071552187915,-12.13743522669952,17.49745856782184
2001-04-13,1.963454681810355,-6.73157637279467,-12.878709284860738,18.666446737051395
2001-04-14,1.398756114792316,-6.765810529738596,-11.21433187615653,19.84580141934988
2001-04-15,0.3397799936667252,-5.835770510448121,-10.171772466658688,18.586409058043476
2001-04-16,0.1442017086470939,-4.932028975241343,-10.01080804855068,18.967531935846967
2001-04-17,0.8361734267076159,-5.024431703991722,-10.142358838033973,19.69139432740276
2001-04-18,0.43840409172896805,-5.207693683161497,-9.565365468049704,18.404756157416013
2001-04-19,0.7572162885481417,-5.013456183260587,-10.872553097842594,18.667770961889218
2001-04-20,0.5426198586787403,-4.345238061931938,-9.68019411205356,21.02976262876536
2001-04-21,-0.8336028963648272,-4.137465155544054,-9.215716904720683,22.109002645463704
2001-04-22,-1.727675472812673,-3.7734494282236373,-9.618596726889098,19.194356819718156
2001-04-23,-2.374930041645319,-4.665922861217812,-9.082788197002802,17.960718239658412
2001-04-24,-3.176612566657117,-5.131518809012862,-10.551779327637224,19.402946396241756
2001-04-25,-3.5047600684915814,-6.163968386821491,-10.478661832946344,19.462461242055788
2001-04-26,-2.387051693066991,-5.592735625368257,-11.039952500638817,21.163567217423157
2001-04-27,-1.7644237008472505,-4.298207657938825,-10.210983747426134,22.013462080216947
2001-04-28,-2.336955874296044,-3.6396958813731026,-8.638020838526561,21.894249924524438
2001-04-29,-2.6147758236388032,-2.805209782396356,-7.82125774047794,20.821059041840307
2001-04-30,-2.8111959504643242,-1.2717607172901786,-7.431096812946869,19.48626058967418
2001-05-01,-3.409212424076495,-0.6723833597357342,-6.550254257964605,19.355229086299357
2001-05-02,-4.703870744508426,-1.024740787433512,-6.262686411794302,18.328215529289466
2001-05-03,-5.171692806688781,-0.5649978948520218,-5.327158151090946,19.199377589726183
2001-05-04,-7.242732165215344,-0.6659203831835271,-4.767958721511287,18.57444616120358
2001-05-05,-6.855251248155716,0.31748792468379117,-5.131458408378487,17.981821526660934
2001-05-06,-7.845388983930631,1.5978363501112907,-7.6155114298127184,19.159247839384193
2001-05-07,-7.6806270546448046,2.677805293686599,-8.98234996692543,17.939883631608463
2001-05-08,-7.616143825613989,2.642844320968119,-8.816681655394174,17.760984005396406
2001-05-09,-8.531410573136077,2.2187956498594286,-8.92567480755641,17.724511865420595
2001-05-10,-7.800841388353551,2.36897594722439,-8.80803584902096,18.844400535962137
2001-05-11,-9.400936495115602,4.398414212843259,-8.474767965659263,18.57690082252618
2001-05-12,-11.088331681452038,4.43099098803501,-7.9749610227298176,17.372648979993897
2001-05-13,-9.46093807111441,5.496243464825374,-9.434166312855828,17.538325317231816
2001-05-14,-10.708885813870594,4.8258298872900305,-11.150936321323714,16.473990952195813
2001-05-15,-10.220228838873725,3.7751119153329133,-13.307164539096753,15.27664657503025
2001-05-16,-9.906452330396604,6.087266257056598,-11.374847749142267,15.92155360779452
2001-05-17,-11.941148170512397,7.393881288921855,-13.01922301511349,14.511732709403296
2001-05-18,-10.692064105810058,7.988175835993078,-13.702981256444632,14.89005377184526
2001-05-19,-11.35709505070634,7.129200588725834,-13.964774554660192,14.371138985011413
2001-05-20,-11.802893414263632,8.155834517585006,-13.162233675993527,14.86661220946695
2001-05-21,-10.592728299004714,8.260822640584149,-13.311407599967199,13.550456686935089
2001-05-22,-10.816330722237018,7.479055297906954,-14.97100561098296,12.419224076332913
2001-05-23,-10.405558264207617,6.3118889149337924,-13.702162830543276,14.446648413412042
2001-05-24,-10.474054364160956,8.805019660995807,-13.927972877558966,13.984018210734034
2001-05-25,-10.006577560149612,9.876128183289914,-15.002187621766929,15.185667783254155
2001-05-26,-9.962320092910987,9.13084779057825,-14.855756062387298,14.435702497163094
2001-05-27,-9.372863722613351,8.72952656012548,-14.398525262487198,15.41711670840666
2001-05-28,-10.254661808882938,9.734824645531148,-14.493368248987116,17.36116485399101
2001-05-29,-10.18933809538293,9.04158426306783,-16.405343681138785,19.637784161511167
2001-05-30,-9.620438157511495,10.734027447997033,-16.60501992557507,19.76853967913395
2001-05-31,-9.5643244836407,10.877858372996705,-17.17948602486478,20.84286225876461
2001-06-01,-10.056909409180134,11.678430477517134,-18.31840035705264,22.181421356743236
2001-06-02,-8.479406809758128,12.289772743688117,-19.612973373803026,23.537130549794405
2001-06-03,-8.279466840054464,13.052326432605483,-20.37022206216333,22.77423838413249
2001-06-04,-8.66131501109121,14.77602814735431,-19.735145174919072,22.96842446075388
2001-06-05,-9.557908107374566,13.97040703816934,-19.518576607740982,23.93576168890751
2001-06-06,-11.078738681326456,14.404076256671848,-18.77624509530907,24.622846253384694
2001-06-07,-12.450014601868867,15.116966062623783,-19.108432224422877,24.317172408134315
2001-06-08,-12.496406022180173,16.429390494606924,-18.324382666542164,24.174244534223448
2001-06-09,-14.04389805226192,15.698152468060892,-17.109682727875267,23.52665693243004
2001-06-10,-13.390488834757951,15.236620903735757,-18.282105441543127,24.728941711793112
2001-06-11,-13.941677487227972,15.579132208321742,-16.9031016106988,24.601645410361893
2001-06-12,-13.852723011879576,16.428065949870124,-15.39619550548033,27.382640784819657
2001-06-13,-14.28554156089487,16.753584255946365,-15.298715741122898,28.025217428233475
2001-06-14,-16.647305937363427,17.487600062053424,-13.729436847975277,27.85795437455501
2001-06-15,-17.070021612160236,17.509224204648607,-13.849687117571767,28.347489982225976
2001-06-16,-18.365729812762577,16.398009389667344,-14.532946585590341,29.561849703437346
2001-06-17,-17.503581941447333,16.247748605005913,-12.925805010846414,30.00320797382937
2001-06-18,-18.476389110663455,15.94918515830288,-11.049965767019577,29.427191217936787
2001-06-19,-19.206543768958838,14.847359376089269,-10.749079630436434,28.307189539005126
2001-06-20,-20.72237475042994,14.583394234333294,-12.38633912048122,27.750838949065553
2001-06-21,-21.45874283329455,15.665178244365809,-10.166312907602766,28.616911777746065
2001-06-22,-20.549459730547724,15.967006173232546,-10.439078864112997,29.37238028868754
2001-06-23,-22.01882602513835,17.45761464583755,-8.210376815572337,29.42383079902861
2001-06-24,-21.04056208264778,17.67715297496944,-7.279428103655635,29.422430300390328
2001-06-25,-22.23117671365595,17.992635397355844,-6.8044890556040905,29.266288492801298
2001-06-26,-22.256909020666843,18.946922008406805,-6.675149369805983,30.028712452814336
2001-06-27,-23.763564408936812,19.179918975488086,-7.472851135731083,30.443489720869717
2001-06-28,-23.369119039979584,18.998495033619182,-7.189580955782202,30.909515565666627
2001-06-29,-22.4017553621427,18.314892319617655,-7.438997655882412,31.712526813464525
2001-06-30,-23.792029887061023,17.702300811669332,-7.986722089434474,30.732655794078322
2001-07-01,-25.12611365555779,19.855616867286248,-7.699149159455871,31.930515840340227
2001-07-02,-25.457888056301464,19.06782422248879,-5.830133699959476,31.379164783867427
2001-07-03,-24.29392621803353,17.91874031428826,-6.553046962371681,32.12362569154749
2001-07-04,-24.06315343479801,17.744424948466644,-6.190778706596845,32.26991776424194
2001-07-05,-24.8317346964322,17.85031429243169,-6.921120425744278,33.009196160197874
2001-07-06,-25.28011135203884,17.470053516771593,-7.770040600381728,32.97467800858969
2001-07-07,-24.917223292617855,19.47671236099149,-7.3207597265904445,33.242347162587734
2001-07-08,-25.306371141807276,21.4040540187181,-7.449035718326647,33.91543048163623
2001-07-09,-25.80113979662918,21.452197674388696,-7.768183467227343,34.3970399876065
2001-07-10,-26.300682273145124,20.336466575753487,-6.735734884917696,34.5773735789504
2001-07-11,-25.817665872529755,20.709638044873216,-8.816552964548233,34.622165056566345
2001-07-12,-27.40636020157976,20.343576774196354,-9.608822879872955,33.29679425919169
2001-07-13,-28.346490686906055,21.157878275650518,-9.645874053051362,32.32788099222481
2001-07-14,-28.184942782634423,20.74956379107722,-9.42164661079909,31.28012787606788
2001-07-15,-27.71817405265595,20.30908852401693,-9.728751026908308,30.982181518198914
2001-07-16,-25.40267639484718,19.606683669868435,-9.568528249909303,31.099883642782697
2001-07-17,-25.07543200016509,18.86696689410835,-8.9333729247166,31.404637369320277
2001-07-18,-24.40790212104506,18.441607103595587,-9.865684913333903,29.240348334041077
2001-07-19,-23.4106733634322,17.784315604448103,-9.003500685715071,30.536209700992945
2001-07-20,-22.837810518437617,17.43100774443259,-7.898536943743934,30.131903399598862
2001-07-21,-23.24721361936329,17.460068539298142,-6.990190950057983,30.02976070569529
2001-07-22,-22.561376255763715,17.11024052922662,-6.254546331134194,29.00529002596657
2001-07-23,-22.930398903871833,17.656411828500453,-5.340977430776156,29.49129344046548
2001-07-24,-23.27092422340461,20.316278298596906,-6.488236928091647,29.902686257824904
2001-07-25,-24.44810568567351,20.426951866385703,-6.112264519379351,31.298080268839104
2001-07-26,-24.35679974934076,18.7897816946365,-3.918068395146275,30.512810572725762
2001-07-27,-24.53168471713861,19.32639139226271,-4.568638359861764,30.525087740897288
2001-07-28,-23.790373983293215,17.554156509473362,-3.94088527933384,30.510081612778873
2001-07-29,-23.84225977937423,17.570340938590732,-3.6652469343574063,30.007842141432807
2001-07-30,-24.64071152123581,17.994795078579383,-4.260129890335787,28.921053025617177
2001-07-31,-24.216020245734896,18.447791471683118,-6.548722672203964,29.587343631566814
2001-08-01,-23.29091081411079,18.464849210519073,-5.847746168837154,28.652171998271843
2001-08-02,-22.768120119624488,19.2091066159402,-5.311103907473427,26.59683361464907
2001-08-03,-21.933434781149543,18.395538347061724,-4.300840381113245,26.675049873178324
2001-08-04,-22.699891501255085,19.454952857305667,-3.6389365907826683,25.241696784398655
2001-08-05,-21.587949442735322,19.364576170668432,-4.298260720406619,25.601584230238593
2001-08-06,-21.64054462097941,18.690529422702383,-4.5044973544058236,25.371555484254195
2001-08-07,-22.196613038226694,18.878776403734467,-3.6671418996229495,23.315375851454906
2001-08-08,-21.54160384837565,18.359974632654048,-3.4083361352545274,23.276269134038976
2001-08-09,-22.014621892980664,17.832055561600857,-2.2395964412133686,23.630113215282194
2001-08-10,-22.47288082176999,18.6797020144472,-1.8163544060325614,22.963998631593117
2001-08-11,-22.604933437577586,17.777779354031793,-1.060973676235326,21.072366452701743
2001-08-12,-23.897763560726453,16.465666917511037,-0.5176107931883763,20.06455936255773
2001-08-13,-20.95604674102449,15.752823979492602,0.2864638270897838,20.636139146603583
2001-08-14,-19.442729485173004,15.540020795344988,0.42182906091359873,21.138211667695042
2001-08-15,-19.171733430112166,16.22602547419468,0.2897015609593177,20.17317901940348
2001-08-16,-19.96130411218093,16.373833598747677,0.5887133952472355,19.48983624532168
2001-08-17,-20.576984569052726,16.125728086602287,0.40344173155439633,17.34543382891323
2001-08-18,-19.952107415509822,17.662540597833477,-0.69538065460737,16.93550773625397
2001-08-19,-18.960074352370874,20.274247190896194,2.150053035083287,16.718902985888395
2001-08-20,-19.352034927205178,19.650061477922037,1.155483108742895,15.154277980469985
2001-08-21,-18.608195673436505,17.09415815474224,0.07821039177193412,12.540209767373657
2001-08-22,-19.23002545722141,18.236499690257453,-0.0849538336884961,12.648102157199133
2001-08-23,-19.07586122036202,18.004277527187025,-0.8124921251599841,11.862023208575776
2001-08-24,-17.87414783149569,17.529976325899014,-0.9122420860992367,10.445377470582532
2001-08-25,-16.200245029344917,15.853263182535516,-0.26180991949519794,10.09474294452867
2001-08-26,-15.718531962666175,18.495766518144592,0.5487222727861207,9.866120337042412
2001-08-27,-14.845308410040882,18.188914330737838,-1.8141452749869222,7.522148987591233
2001-08-28,-16.314465869212814,18.376460266851335,-1.6657591291337666,7.813747025753609
2001-08-29,-16.550774822076082,17.953254250405244,-2.7793038779088377,7.5777667056219435
2001-08-30,-18.067295232769332,18.246200228143366,-2.7086253568011744,7.893726462963366
2001-08-31,-18.806776411998328,17.127676275906264,-2.8940781350699902,9.008202991770718
2001-09-01,-19.86268083186019,17.730826164280035,-2.6670373579654028,10.253522159692164
2001-09-02,-19.403802806664764,16.16938155379435,-3.676152278981257,8.390120604026913
2001-09-03,-19.216150208137744,15.298244751613783,-3.706426070076715,9.007448322009935
2001-09-04,-20.43143455474872,15.541119992122765,-3.388984653415485,8.008918513404616
2001-09-05,-19.824400215667787,16.29610008474894,-3.97448318144123,8.64455548888902
2001-09-06,-20.13411994383507,17.18933282361707,-3.642613562678737,7.612928284802316
2001-09-07,-20.171241443473722,16.76794418976719,-5.054560304874501,6.913628748772095
2001-09-08,-17.423170270498066,16.55004992659424,-5.311294259608644,6.754576129367918
2001-09-09,-17.777751074033343,16.464361888881154,-3.5804445161312692,5.2254771124483455
2001-09-10,-16.068025569133813,15.575266405218759,-3.3984083177394426,7.06403111621516
2001-09-11,-16.20228055056587,14.414709477925925,-4.631988103743663,6.686959876822534
2001-09-12,-18.297174729609665,14.355083992838091,-3.6935011821759223,6.241301877599175
2001-09-13,-19.517611402132907,13.576533887881768,-4.126399388020604,6.92003767694366
2001-09-14,-18.87212812490352,13.347475170384183,-3.90091493734214,8.538054317385745
2001-09-15,-19.691047442694266,14.421633422129478,-4.1379622162437,9.381209981018054
2001-09-16,-20.04992623904984,15.565364465884596,-4.268160610293921,8.142894572846982
2001-09-17,-20.61478648898537,15.50310454266197,-2.3248393046088958,9.21338551994346
2001-09-18,-21.12281648832175,17.52473941768218,-2.5439227510562383,10.013839070542307
2001-09-19,-20.220058091242024,16.400082756028983,-3.078917013330033,11.44119539688358
2001-09-20,-21.731080260301333,17.27920071834574,-5.266529445033571,13.14051858379879
2001-09-21,-24.47360164237109,17.846307537363867,-5.896914282091332,13.522846940295624
2001-09-22,-25.52599902734272,18.682672617850212,-6.254030893832346,13.725756228804615
2001-09-23,-26.079186344788315,18.716628230152395,-6.938219442331559,12.610213536965606
2001-09-24,-26.290618496868987,20.26444974084981,-7.550378829490576,14.805241097253111
2001-09-25,-27.612780007899346,19.11808958210957,-7.899872187962881,14.038253484408726
2001-09-26,-25.294784374915693,18.832921946391732,-6.9822566917011555,13.23723974322291
2001-09-27,-26.54831802249718,21.39289592920648,-5.958660621001565,13.176394434220791
2001-09-28,-27.718080888828133,22.137522227518208,-5.889821789791211,12.402435480886856
2001-09-29,-28.461232106057132,21.768438624312704,-6.026853230644113,12.671311849871673
2001-09-30,-29.71954994042738,23.19474009408789,-5.985523781448104,13.202481123310307
2001-10-01,-28.957619286350386,23.22861746893877,-7.002739260659308,11.753958456100383
2001-10-02,-29.155333325288016,23.18399208997454,-8.581773882935416,10.339745533373339
2001-10-03,-29.41909706094927,23.671372402774143,-7.5824890617766725,10.665623715479558
2001-10-04,-31.091048929958703,24.830483571331836,-8.531258608129772,10.823895634210341
2001-10-05,-29.693113294336335,22.987595635737133,-7.6876578193794725,11.517011177605918
2001-10-06,-27.405170376020735,22.34046035293687,-6.194836660149743,12.197089997848334
2001-10-07,-26.131503284571284,22.08564603525542,-6.59962369403053,12.248271421706907
2001-10-08,-25.642766290498404,23.25088751322589,-5.6854423916323285,13.009957341902064
2001-10-09,-26.435368266707503,22.20348086831749,-4.41024948221117,15.096754582686307
2001-10-10,-27.168207334006688,21.845370533974126,-3.379817212441203,13.701744060765272
2001-10-11,-26.854268340819203,20.958422863975596,-4.256291470007283,13.590676414730689
2001-10-12,-27.12728554755095,22.56845150112433,-5.976263507425515,11.426570807800502
2001-10-13,-27.643924830995534,22.553468558293112,-5.96075561268096,12.40734662223909
2001-10-14,-28.221235960145446,23.57820389389337,-6.8405530270089026,12.603184650343243
2001-10-15,-27.288053831562504,24.895704596751624,-5.864167233628874,13.407586130779299
2001-10-16,-27.362424493599086,24.536836329059334,-5.6413728772791885,13.602988087029509
2001-10-17,-27.62817377514522,25.026270017962332,-4.98552410162329,13.196325268777878
2001-10-18,-28.239537416515773,24.78861180887821,-5.744112586600184,14.919567091472391
2001-10-19,-27.76709234490313,25.61230151921333,-5.558157122361227,15.028344249927637
2001-10-20,-27.497771947983136,24.551375717565918,-5.442220177485542,14.342586504598383
2001-10-21,-29.394181248667074,26.14973427619057,-6.428097583034355,14.02487651640779
2001-10-22,-30.53655346245414,25.163882652468615,-5.46082695689455,13.585488663926471
2001-10-23,-29.683669888438114,24.357697016560984,-5.723117587381677,14.772618508062267
2001-10-24,-28.92650447826082,24.20629381892522,-6.328488044540031,15.447844235324196
2001-10-25,-29.51657766338977,24.534809876733913,-5.605241312834444,15.319755392677072
2001-10-26,-30.18095586830786,23.277995137510104,-5.457491050719206,15.240194531146553
2001-10-27,-28.877349382829514,22.238431428496597,-4.3405930988815244,14.510230297949423
2001-10-28,-29.64470335563363,22.770980956933965,-5.143986771768867,14.013004107704388
2001-10-29,-28.295462049450556,22.397412935757103,-4.907858300229342,13.514319584004783
2001-10-30,-29.752768372812085,20.956232869430693,-4.423396910488369,12.470886107578048
2001-10-31,-31.27626601741959,22.903517960811396,-4.142025594662853,12.140811687559747
2001-11-01,-31.51298403844547,22.684012652832134,-3.967661563113911,11.78813677034486
2001-11-02,-33.258636717908665,21.597939590476926,-2.8929670905343254,13.179673714260932
2001-11-03,-31.686943139822702,20.501100657669102,-3.055399470462689,11.796637144156758
2001-11-04,-32.1728581707157,20.01805175610228,-3.501989136954965,11.959780807201227
2001-11-05,-33.39053286094638,19.96997963073927,-3.214556127930896,10.896419707272685
2001-11-06,-32.39395279802294,19.00725423284523,-1.4110349102897513,11.846727002223819
2001-11-07,-33.626909529219695,18.53989498856841,-0.4062303941497851,10.36089347208016
2001-11-08,-33.18128831168132,16.344224763120785,-1.540043497997593,9.225850123148007
2001-11-09,-33.51572552232587,17.768266219564833,-0.5387187128711806,10.554174113004478
2001-11-10,-34.16346707106881,17.82906776269357,-1.7364948069187742,10.902625432492018
2001-11-11,-33.66629586664617,16.536641228053544,-1.0505804470049362,12.413783746329408
2001-11-12,-32.26267456911607,18.195146133972123,-1.8286884729564623,11.433465470025409
2001-11-13,-32.58985972118393,18.903812972883333,-1.822986270530697,10.769270244970244
2001-11-14,-31.95313906467542,18.78254580122771,-2.0842707007553622,9.771870153630847
2001-11-15,-31.408385083314506,19.01351409559001,-1.320915941159245,9.345479636092099
2001-11-16,-29.801267747890726,20.495823423188753,-2.483208164765843,7.5638728230860774
2001-11-17,-30.324171577833695,21.678873591473874,-2.0371811742984267,7.71477312868233
2001-11-18,-29.692486711868135,22.0785912349977,-2.663702614432399,7.629070226017159
2001-11-19,-30.229662701021514,22.745539698941784,-4.119447838422858,6.88901528120775
2001-11-20,-30.988348818039753,23.25671500399249,-2.2505070220837244,5.481391139343584
2001-11-21,-30.46212273303673,23.337122639275837,-3.1907569186889724,6.652705129626684
2001-11-22,-32.6184817657985,22.182050334026382,-2.612184097390955,8.175419968549452
2001-11-23,-33.996766682495455,20.08772782504545,-3.4336038276798195,8.637764753018224
2001-11-24,-33.42836140216441,20.434762216639044,-2.9278971646727676,9.113942446227659
2001-11-25,-32.41826334248207,21.470238678745176,-3.2822777537285552,9.162445607841022
2001-11-26,-31.908450110018194,22.505140644095288,-2.6933895682292666,7.610965256440419
2001-11-27,-30.114971180344188,23.430127180872873,-2.4322288037568303,7.671007555125605
2001-11-28,-30.516500634110685,23.462258976267215,-3.047455119113903,7.89015841980461
2001-11-29,-29.19732450230485,21.911284918344858,-3.7986146814134782,8.709065008840156
2001-11-30,-31.493333864664965,22.41721778777981,-3.2148794060186257,10.096679082636696
2001-12-01,-31.85997906263996,24.430222340555265,-3.679821751249751,11.698901592793026
2001-12-02,-32.13272051918406,25.184704681871416,-3.7669551746573156,14.479137118118663
2001-12-03,-32.151709834098625,26.566231206784018,-2.942120244168497,15.619302691785345
2001-12-04,-34.861123291597494,26.885398823424662,-3.983605597225476,17.688770541449536
2001-12-05,-35.28526583462909,26.952263098243737,-4.109818049703082,19.1546152117032
2001-12-06,-36.26988281720976,26.740830921968197,-5.402257746071718,17.964351499866012
2001-12-07,-35.98204745840988,27.83401258692187,-4.408064254887727,16.979033433923664
2001-12-08,-36.642851261546596,26.619217067565803,-4.284432241541089,17.1358891537879
2001-12-09,-36.58301986364279,27.659669090745485,-4.582658177996181,15.59448986515204
2001-12-10,-36.2563658705652,26.95811221792151,-5.490445357558247,14.311154804927035
2001-12-11,-35.226849266994975,26.286747842504106,-4.837890810759899,12.733573849764145
2001-12-12,-36.04641923250025,27.21775064317627,-3.775434873003523,12.41673639872879
2001-12-13,-34.90170304021296,27.006001190000905,-3.7702225833905065,12.09248300808995
2001-12-14,-34.622275394584925,26.98684583752491,-4.475828959041275,12.257064686083694
2001-12-15,-35.437555333730046,27.160533776037482,-5.312070044581379,12.477745718185233
2001-12-16,-36.59486636298845,25.036883460621247,-5.482988477661245,12.690070051818264
2001-12-17,-37.577763507752245,24.71179716035745,-6.555315090190835,12.763770012557062
2001-12-18,-38.35824698616647,24.972228706931013,-7.409685408584643,14.040064557254276
2001-12-19,-37.027690912454,27.283357796963262,-7.615320036458295,15.607918581814525
2001-12-20,-35.646876409901445,28.45139980663918,-9.285654713629745,15.544754708591714
2001-12-21,-35.978541961481795,29.313126630953168,-8.782204226890855,15.567276526224278
2001-12-22,-34.00769898763976,29.059228850202896,-9.425590627168358,15.585778426855523
2001-12-23,-34.02779209095788,28.769176424416578,-9.59770361774626,16.270227744121808
2001-12-24,-34.673103147738516,28.153950552771413,-9.62109518409693,14.554996892204667
2001-12-25,-33.583208219699344,28.576602005252486,-9.976592463336761,14.879894197898821
2001-12-26,-33.178699322968335,28.83823372570248,-10.256072391187782,14.685884675019961
2001-12-27,-31.698884022865876,27.67211902202135,-9.688500730387338,18.758519888640144
2001-12-28,-31.91542011175364,27.311910114706848,-9.624967393068463,18.208621867132617
2001-12-29,-32.15804999012174,26.777868043567555,-10.348389307921076,17.08010143746604
2001-12-30,-30.552717923054846,27.81868848161667,-11.020052578488684,16.82103299609697
2001-12-31,-29.100259067625785,27.208337539463326,-11.663470841758542,16.518490685258854
2002-01-01,-28.828096282860848,27.266697713119996,-12.0462553204483,16.037752561265652
2002-01-02,-28.40533388634018,26.44009304141821,-13.276436187443416,15.528277693712921
2002-01-03,-28.897045208713106,26.69060802183782,-12.517290439057556,14.790333376656477
2002-01-04,-28.54656998741414,28.28812609479732,-13.187965915723002,14.049288188221603
2002-01-05,-28.4156472382249,28.550417667887814,-15.325023040236518,14.981598095820535
2002-01-06,-28.56244301062945,29.90771548141688,-15.951472207168091,16.01062029988401
2002-01-07,-30.811620191631274,30.342029454003814,-16.057057552011262,15.101437309982302
2002-01-08,-31.879996321019554,30.73124989712878,-16.43286222759595,17.142656595697026
2002-01-09,-31.155566534424583,29.14520151981731,-16.698312750319275,17.073586729537794
2002-01-10,-31.383553651818577,30.363368189641886,-16.38860137925756,17.980908175644963
2002-01-11,-32.63101755238079,32.19640510594083,-17.203702161180765,16.62576163436201
2002-01-12,-31.29168825437126,31.01283732496866,-17.03716585695833,16.701128304672437
2002-01-13,-31.53717177771921,30.987856448730735,-17.47353348653192,16.72911420185163
2002-01-14,-31.909525543232125,31.63996928370573,-17.38451212549464,16.276820502391594
2002-01-15,-32.625755948628864,30.589177417274712,-17.358465884704845,17.40070815085504
2002-01-16,-33.068843147518024,29.28587233942416,-17.683845025232497,16.953995350228006
2002-01-17,-33.683574052439255,28.823650347446023,-17.729502828761646,16.921874382695353
2002-01-18,-34.1613705417678,29.478917796219076,-16.580001598844635,15.544968737173457
2002-01-19,-34.59449954864449,29.09028752778972,-16.009307867437748,13.082583208059685
2002-01-20,-36.32597463059794,29.938995808610727,-15.624871597956068,12.106433241156537
2002-01-21,-35.224945007373,30.0664040306905,-15.840092743216127,11.67437922204817
2002-01-22,-34.55097142137599,28.966684325817607,-15.051380909131074,11.128148756768985
2002-01-23,-35.24908928636682,29.95373620421632,-16.416070306136135,11.9420911349221
2002-01-24,-34.717346988978385,29.260264287357998,-18.903832948579616,11.014868524137627
2002-01-25,-33.52930659981694,30.049425476670454,-19.665567385017713,9.795841755306244
2002-01-26,-34.472121941542305,30.822962446071664,-17.54194771926142,10.332147894189005
2002-01-27,-35.16394885725616,30.918866501880665,-19.03836343409509,12.7202895096122
2002-01-28,-34.36737048129099,30.544230349748652,-18.260761353686174,13.688732796766976
2002-01-29,-33.42947613466419,29.916198817340675,-17.969724592596428,13.219279734381505
2002-01-30,-34.61003278141096,29.266515605953945,-17.16468196133918,13.365309338428323
2002-01-31,-35.391765396248864,29.899199779914955,-16.32717678138018,13.52765902671767
2002-02-01,-33.62338077361339,29.425207160840394,-17.219366865154154,14.898595932633958
2002-02-02,-33.628206337388185,30.20712179342778,-16.814118866569807,13.782602721577858
2002-02-03,-33.35916682201063,29.516068577586115,-16.546811302744292,14.43306511258266
2002-02-04,-33.346631612889965,30.2444506667521,-17.819865340607766,12.673299994238295
2002-02-05,-35.02268339866512,30.05400504313036,-16.433057056257528,10.62189721254812
2002-02-06,-33.17852718237731,30.696096401321082,-17.610655049025073,11.374574874982352
2002-02-07,-32.34178233823678,29.14384075787384,-18.050072740319333,9.659643040139102
2002-02-08,-30.454010994782738,30.13213887849588,-18.89675697907848,9.689252694817641
2002-02-09,-31.8763929716647,30.37809223021878,-18.239694793812383,10.58954048363668
2002-02-10,-33.57735113217223,30.295929490579752,-16.64333006504465,10.758616259592973
2002-02-11,-34.01929967268264,32.15114383323424,-15.061578424746266,11.700422052988316
2002-02-12,-35.09899831777391,32.45456045278688,-16.21553218413789,11.091857953437147
2002-02-13,-33.956543823474824,31.898400666520708,-17.395996171718156,11.000619265736063
2002-02-14,-33.508212224441785,31.595118806497844,-17.329339151057344,9.947083882167382
2002-02-15,-32.57714079791338,29.509577419040454,-16.536274876022876,9.554863015776213
2002-02-16,-33.763955069484815,29.68244295643377,-17.05847678370199,10.717173642062921
2002-02-17,-33.29764621261592,28.789572250623223,-16.248266752049766,10.271521351781018
2002-02-18,-33.4442494608729,27.652851302729076,-15.84374627226806,10.364416856505425
2002-02-19,-33.28161988444073,27.670946718632177,-15.601195231620519,10.512120814727911
2002-02-20,-33.44576057844313,29.57807813259293,-16.612751705236604,10.469332466290712
2002-02-21,-34.401208730102624,30.87887163184493,-16.406550488163496,11.01570451979669
2002-02-22,-33.86203349579423,31.32077451259534,-15.430097041729795,12.003362131794452
2002-02-23,-32.20267687633703,29.68354281975276,-14.170686539927976,12.096065881116928
2002-02-24,-32.85002632018788,29.041181075169412,-12.93954511333505,10.667788439044518
2002-02-25,-33.375757095886804,26.804907206223035,-10.597051744683395,10.707564163360125
2002-02-26,-34.627702970354065,27.924386229400504,-9.345388757784047,9.629928486559242
2002-02-27,-34.13545183508848,28.907656751850908,-10.754266368355047,8.732888671886787
2002-02-28,-33.48691424036312,29.295234075329873,-10.884571495449505,9.945275373243566
2002-03-01,-33.43186538917985,28.919978182540486,-11.470564228323795,10.106659727263692
2002-03-02,-34.62401299157405,31.16160002348304,-11.741338457722017,9.382807318735662
2002-03-03,-33.98646115108864,32.31303617464464,-12.472326012189816,9.970886415816974
2002-03-04,-33.970309539549305,33.515244478553015,-11.775411607315787,11.255018841523404
2002-03-05,-34.2160018982541,34.460831037125246,-12.89867861057968,11.5975308108268
2002-03-06,-34.43789720702215,34.951640062426705,-12.958505366729302,12.421618851921973
2002-03-07,-33.11075855479991,34.98895254615867,-12.946648900379694,13.748191751705976
2002-03-08,-31.3942032030206,36.775509760922375,-12.337939242531633,13.660294168784729
2002-03-09,-31.196598736641786,37.13678793651155,-11.217812918981172,13.032851846097868
2002-03-10,-31.50413682121394,37.06115081671017,-9.863252397657101,14.11644770541686
2002-03-11,-31.381562724989806,37.893308624937454,-8.51394361923775,12.064444767449814
2002-03-12,-31.10283130320426,37.00058009922838,-9.271724605995296,14.30077650856095
2002-03-13,-32.83289457735095,36.381514697717556,-8.338319092327716,14.053418139900582
2002-03-14,-31.386325840971242,37.29686252238688,-7.671661973178141,13.798874891473677
2002-03-15,-31.60824727352062,37.34705424705869,-7.293525943114226,12.51910704489211
2002-03-16,-29.47780865078302,36.67967794517916,-8.118351644598066,10.158601501935166
2002-03-17,-27.532345018642456,36.79337491059059,-7.112685081209426,10.307739492516315
2002-03-18,-25.891225895252063,37.09772833714955,-6.275967238668503,9.803461781991286
2002-03-19,-26.600090149835054,36.41553307721157,-5.174882259794351,10.280100847335314
2002-03-20,-27.825251676162544,36.35491460264489,-5.214975060015655,9.577413580702961
2002-03-21,-27.47436218960236,35.7662613441093,-5.324296417340697,10.766472376385035
2002-03-22,-27.810401999703995,37.09181738077627,-6.993427857605793,11.020357364152906
2002-03-23,-28.91670883129554,36.57674926918968,-5.507086057041356,12.174248995494448
2002-03-24,-30.17574326153171,35.5577450843784,-4.355044124016462,12.162029073521365
2002-03-25,-28.966037435110938,34.02257669351578,-5.303112157155503,12.661082507169654
2002-03-26,-30.085085264192987,33.64573123222965,-5.769459893585876,12.094136868832447
2002-03-27,-28.724955230675693,33.04199887346946,-5.4351906896873725,11.572578611692553
2002-03-28,-27.197872488041188,35.47387318995588,-7.253609935880155,11.779070831499615
2002-03-29,-28.36565259486811,34.44516032815288,-7.443103806190918,11.541217993084468
2002-03-30,-27.829906387466043,35.87673406254199,-8.269604351286711,11.251014624411967
2002-03-31,-27.89316151481804,36.0679850344297,-8.136416544226647,10.329988776408108
2002-04-01,-28.0487130038972,36.3922167460434,-8.754620914151502,13.105255693736087
2002-04-02,-28.151548106405944,34.31223332798345,-9.59587576481703,14.446623532248372
2002-04-03,-27.788632553340424,34.447493770629606,-8.019417451366223,15.292161490910093
2002-04-04,-26.200832372668042,35.41783634833745,-7.458229661057589,13.735707107658566
2002-04-05,-27.404130008652757,37.41734107473709,-7.32095304939481,14.082097369145908
2002-04-06,-27.95550644414415,37.71157370118314,-7.868416761245206,15.110084028007597
2002-04-07,-28.942947697796118,38.24630079434671,-8.229673258861503,15.520036100873796
2002-04-08,-29.2535159147393,38.82701877145695,-7.107350473140823,15.73891446139267
2002-04-09,-28.80576662439515,39.809600654591485,-6.829966767383068,16.56009265158655
2002-04-10,-29.394236932807107,40.0875183764066,-8.400279586690292,17.394367109483184
2002-04-11,-27.724140160658163,40.32073835413412,-8.797249928153644,16.578643922691857
2002-04-12,-28.94921371527713,40.613559742810544,-6.7916648202475205,14.075718080127217
2002-04-13,-28.8414968857581,42.11726999124553,-7.41726013969761,11.873881975110564
2002-04-14,-27.363777161772013,44.221809873952786,-7.9016817116446845,10.402963034831972
2002-04-15,-28.420573419279066,44.05977338440514,-7.915220971944118,9.026913863116917
2002-04-16,-29.400024170629298,43.7811622337419,-7.966056525470166,8.768551669032915
2002-04-17,-27.633274102997902,44.01004982309542,-8.597462998606664,6.395459533489531
2002-04-18,-28.63456204273433,45.405559969989966,-7.524882314030457,6.772507075341281
2002-04-19,-28.359810677159366,43.78516229674951,-7.118974003377495,6.665096478385396
2002-04-20,-28.742069061337904,44.36757928714746,-6.804066410914845,6.278329816651461
2002-04-21,-28.044401771184667,43.55392164876236,-6.905378313752992,5.07885222226353
2002-04-22,-27.816195113148716,42.951316737657024,-7.297129348460355,5.596537293142573
2002-04-23,-28.73966638606593,42.524728252981646,-7.3378588950598695,5.750430781062546
2002-04-24,-30.397126597607,42.90064558357944,-9.549813934564195,5.0617093672298665
2002-04-25,-28.979876367437328,41.72434715369736,-8.31131746744708,4.23037868273301
2002-04-26,-26.61242040029419,42.8454240128084,-9.267619157342398,1.99066402109341
2002-04-27,-28.440074781237055,42.65735019842965,-8.295219006306613,2.65031995764533
2002-04-28,-28.38439957390608,41.346803339476274,-7.513952039584378,2.486499388220278
2002-04-29,-27.077311096774288,41.72977158103392,-8.087653377897098,2.527570403004737
2002-04-30,-24.393147836600065,42.77197061508917,-7.962806208045911,3.0853399439702693
2002-05-01,-24.372234631103776,42.73935319979508,-7.408433288980427,4.027261757496584
2002-05-02,-22.698136693170383,41.6736273135802,-6.780187899803368,5.067009315774145
2002-05-03,-23.032698518756856,42.162806040593104,-7.365218502593556,5.218328366663159
2002-05-04,-22.842951330670953,42.72371911296476,-6.363782799298073,5.074546480848595
2002-05-05,-21.452688220013588,43.4952677247455,-6.307768435335156,5.55121375460395
2002-05-06,-21.72614469125258,43.55962195640732,-7.069115356703201,5.68338647740527
2002-05-07,-21.420123847181518,45.114724398742766,-7.126433390234595,5.3516039350209175
2002-05-08,-20.879471294587834,45.084350529974664,-7.097662937071445,4.877391886682659
2002-05-09,-21.280518852842214,45.09562749029385,-7.142760218620973,5.788296938404785
2002-05-10,-21.39002391962569,45.27480143307615,-7.271215479167725,4.52250235764769
2002-05-11,-21.901809002918917,46.17116551363789,-6.547858809699466,6.099064673220182
2002-05-12,-21.699981092454344,44.91096690542137,-5.184841516868236,6.533412432396062
2002-05-13,-22.999316725824837,43.85484723767858,-7.579133224262238,7.697586593329386
2002-05-14,-22.097280282457202,43.35847756852159,-7.122768238716037,8.018916524502771
2002-05-15,-23.51137472223383,43.64908675940566,-5.68427740906653,8.065605608496403
2002-05-16,-23.476525053707057,42.98159198591776,-7.581800257550329,7.591790314125201
2002-05-17,-23.084657286744125,42.844825932853816,-7.594644666451268,6.951349116575154
2002-05-18,-22.8052915600436,41.789052718028984,-5.907588141424241,8.854845032088194
2002-05-19,-21.630443630368696,40.15609877478971,-6.145223741486865,9.403697311073548
2002-05-20,-21.684428928907007,38.295722543641446,-7.525650538001072,9.17500516000842
2002-05-21,-22.16192216533269,39.41819704346704,-7.385126538364751,8.769050585938844
2002-05-22,-21.371368897403233,38.13561073489409,-6.427755044601402,9.556609806597745
2002-05-23,-23.056133605483815,38.35943696434339,-5.565078279413964,7.94088746181689
2002-05-24,-24.972809346009615,38.416338502465315,-6.950204717724144,6.921566381324005
2002-05-25,-23.718963743290274,38.012828251500295,-7.305533534891672,5.803044797103082
2002-05-26,-23.920664056936424,36.94166226673614,-6.669091057319954,5.49848209181266
2002-05-27,-23.362169142322934,37.318774693871,-6.754720170380679,5.512834088915539
2002-05-28,-24.382540485995012,38.39905184045363,-6.920832771123209,6.4483235817904205
2002-05-29,-25.568717540358865,38.19267624335284,-8.20264783452718,5.699623413243447
2002-05-30,-25.731261744878537,38.83488592887705,-9.2495567080644,6.614685486156836
2002-05-31,-24.58519891305091,37.790535162050155,-8.47431951430817,7.959685515664155
2002-06-01,-24.86067702514823,38.1204043565343,-6.30358189562281,9.459902294458011
2002-06-02,-25.821018593096657,38.339318204806766,-7.153680953961025,10.04493147141902
2002-06-03,-25.707139145506147,38.930198215995006,-6.540912812309677,10.484629987174042
2002-06-04,-27.393262087787313,39.39779558221418,-8.286607887655112,12.391837202028364
2002-06-05,-29.10447139837488,38.09263474928327,-9.513250644240662,12.00103753163999
2002-06-06,-28.006687831353165,38.05778804344931,-8.8312326187203,11.887401391258924
2002-06-07,-26.52808885662555,38.479769138576344,-7.887384778711579,11.988696534064955
2002-06-08,-25.665070170364494,37.91314966592783,-7.141081403386156,11.81425260973161
2002-06-09,-25.732417694433405,39.07548138364391,-6.298301959454329,12.868676678976815
2002-06-10,-25.519075606039515,38.724953349020005,-5.365082220964767,12.75840710194404
2002-06-11,-25.55774967122503,37.09888931812927,-5.859154272717021,13.796163591195928
2002-06-12,-25.459198745153145,36.20480155221122,-5.215384421614339,14.730813283606913
2002-06-13,-25.79349345256975,35.46330432698773,-6.311525458480219,13.644938770804306
2002-06-14,-28.347814301219188,36.91200427993505,-5.493166455515838,13.06769248496405
2002-06-15,-28.679221219415236,39.07115963081361,-5.104792796543181,12.122316803177025
2002-06-16,-30.1152498810249,39.6042194275354,-4.169745300404341,11.878555474941512
2002-06-17,-28.751143142588152,42.5097427216159,-3.463410802259887,12.73588382759812
2002-06-18,-29.39744812402484,43.07445308001086,-3.849246432203672,13.622270795791476
2002-06-19,-28.259327403376403,44.31777146802331,-3.754416327228497,13.9692241811396
2002-06-20,-29.03182611547173,42.739057948982875,-3.2194464406706733,13.287932596922424
2002-06-21,-28.960505950981606,40.92408445737381,-3.2974365062714126,14.050372456308871
2002-06-22,-27.521756620562567,39.30845382546569,-3.0991864687442194,13.11257302621928
2002-06-23,-29.86312220187598,38.34570268829982,-1.8587333618349866,13.95066079918002
2002-06-24,-29.808852632089074,37.9101238747886,-0.6491906756442887,12.751143197251368
2002-06-25,-29.649896778755398,37.54393603501314,-2.926339790527205,12.965030058442
2002-06-26,-28.39275774592221,38.26846368546893,-0.9063000117725948,11.05045364950561
2002-06-27,-28.7157663554007,37.30434620006096,-0.7279355451828952,9.997160314605392
2002-06-28,-29.22945539765587,35.43709605482654,-0.4793077319815391,11.931372891906411
2002-06-29,-28.220324380943286,35.3900362831997,-0.5561809483890333,12.04566217113997
2002-06-30,-27.317295558975648,36.5489541987122,-0.9518947112829772,11.340328552382053
2002-07-01,-27.376243326021875,35.526271675389594,-0.3146964023458224,11.416709391442515
2002-07-02,-27.789223367579588,34.33822588682265,-0.5540602980291757,9.955279468379189
2002-07-03,-25.93891876946555,32.86045212625688,0.09289653427033884,10.361200429257474
2002-07-04,-25.18859871302163,32.855881872458404,-1.0980231018110054,9.864545835409482
2002-07-05,-25.606329771831632,33.654776746729915,-0.8070886860881143,8.489250911695617
2002-07-06,-25.32404708518756,33.1099618212277,0.5695111495586591,8.482559923537055
2002-07-07,-24.86356041594162,34.384340800746884,1.4015223094713212,9.2275420216612
2002-07-08,-26.397220561899747,34.73431178952726,2.6041827148531222,9.205423575824177
2002-07-09,-25.75609233348079,33.72823684413931,1.996171270596367,9.415775171660693
2002-07-10,-25.18289365675379,33.52443977324981,2.115506958816074,7.6827074849004
2002-07-11,-25.27033810376731,33.986610820052945,2.26308225635606,5.971617918125109
2002-07-12,-25.32548062729146,32.95193649753729,1.5311554992115197,6.172233320329695
2002-07-13,-24.026002697174626,33.019058657066786,3.2303384617246627,6.567366308060143
2002-07-14,-25.12670309413392,34.64481774862201,5.6964144210724665,8.320398773298464
2002-07-15,-23.720102360641224,34.84127754198722,6.213428766081064,10.171143443949953
2002-07-16,-23.926652786503194,34.72901717718797,6.930744187488793,9.50254144309439
2002-07-17,-23.247225633339294,34.2951985994911,6.152769228124583,11.118302474117556
2002-07-18,-24.357966485125683,34.213363103739496,7.168984396381926,10.017109446176487
2002-07-19,-22.484301104448384,33.7497787584702,8.485907627298584,9.046754514748493
2002-07-20,-23.302780660021547,33.40753896059258,8.72444340933411,9.558006908400007
2002-07-21,-23.42122280792606,32.46168530154759,8.442972686987844,9.970802565356504
2002-07-22,-23.485721935457633,33.076110689881254,8.707713843237435,9.760622321058474
2002-07-23,-24.624350257115147,32.93380083209649,7.765960874305392,8.738797116010769
2002-07-24,-23.52374342570179,31.28810640832845,7.380375899867324,7.713313031917653
2002-07-25,-22.463908215445073,30.621359494506834,7.0575904927787105,8.055771361720392
2002-07-26,-23.281482898955495,30.509260355634456,6.07015882914834,7.676381478679125
2002-07-27,-23.63368665393001,30.87588347188049,5.501815404735148,7.908960326051974
2002-07-28,-23.055827210275645,31.28963449593531,6.261416999443177,7.844801693668834
2002-07-29,-22.565308213723597,30.842145510057154,7.4215831533462016,8.165823116522182
2002-07-30,-22.69836458180253,31.987623481230262,7.479109213414726,8.468516814302466
2002-07-31,-24.065301773813633,30.69849732123338,7.530055190999283,9.395339621724725
2002-08-01,-23.85491666408795,29.865592741456986,8.66276139239669,10.090778155476801
2002-08-02,-23.3168901429565,29.974457788253314,9.333902521274787,8.87070280106191
2002-08-03,-24.534481071336646,30.42991453488821,9.044240044581365,8.320952000617808
2002-08-04,-24.994189307005986,30.17417555992879,8.04961418891348,10.232174693965066
2002-08-05,-25.797521164199516,29.481227438987403,9.271368853581874,11.298411481160242
2002-08-06,-26.37358443933654,28.395555300730845,10.195347225949812,10.81536185044282
2002-08-07,-25.81999296544714,28.230250845280338,10.426467858640647,11.654357126220894
2002-08-08,-26.789670301078655,27.661998229414806,11.35234180345606,11.284205903327855
2002-08-09,-26.247979778536855,29.58860631747612,11.239200092021733,11.755390273886363
2002-08-10,-26.586742743953224,32.05433565963972,11.744373966990599,11.77818217781929
2002-08-11,-25.09924805522021,31.518408998063826,11.304706911977936,11.338633583770402
2002-08-12,-24.255784990233522,31.325046858904408,9.549207981205182,9.176497062063339
2002-08-13,-24.65118073047721,31.93722488030955,9.87435830424386,9.231698378874315
2002-08-14,-23.616112655378412,30.505977985735782,8.883967593990606,8.37542565287181
2002-08-15,-23.38670274417461,31.039090855849874,9.12573315283852,5.114013081796859
2002-08-16,-23.54874281679925,31.4081772633494,10.008249575162573,3.5854854741486353
2002-08-17,-23.602197837023212,32.77056065369979,7.895845865060929,3.9500315522079776
2002-08-18,-25.17849817030783,33.4223483516173,8.333448805099355,3.6685219167956196
2002-08-19,-24.992856478298407,33.80381662889038,8.346634795815216,2.466751992098774
2002-08-20,-23.585931008233583,31.976399849573188,8.125612250269418,4.1008755442441815
2002-08-21,-23.384514997152287,30.741822614776538,8.701261639109816,5.538430545900597
2002-08-22,-22.35645956256508,30.35884732580753,8.427909157813707,5.625985958435339
2002-08-23,-22.24870910416214,29.17724095034943,7.712593210481778,4.945755135278671
2002-08-24,-22.686903166859157,30.202124318425497,7.618831184148511,6.474665631446352
2002-08-25,-21.75878470583858,29.632674877116383,6.927936876221529,7.164682701690868
2002-08-26,-22.238412184005544,27.416561542974044,7.511759365088764,7.109668862019506
2002-08-27,-21.91749303112387,26.837307721857115,6.500654188531273,7.337784676502718
2002-08-28,-23.957550798020854,29.968704686670094,4.986581177772129,7.826731559878064
2002-08-29,-22.713864893920096,31.450118500730305,3.3956929438243053,7.351117714852122
2002-08-30,-23.16914948908225,29.203784947408895,1.2598458599837454,6.1715644622955494
2002-08-31,-22.40262875895273,27.64281174664464,1.3822632202066496,4.432896676164388
2002-09-01,-22.111301001388348,28.024408355169392,1.9760594835496397,4.055456586750179
2002-09-02,-20.895725979242123,28.064020882574717,0.9177131234986242,5.110694490217666
2002-09-03,-20.351907315887882,29.506749446930645,1.9902778598691537,5.796302205075554
2002-09-04,-20.557953807818414,27.85837943199474,2.799339664339188,5.839965224869176
2002-09-05,-20.74709750652752,26.53699013098276,3.3054282922845566,6.744702578377648
2002-09-06,-21.079801344548486,26.011820758995132,2.82720934618083,6.722421315048806
2002-09-07,-21.377081499931563,26.902575229778556,2.816076022548629,6.512914823902533
2002-09-08,-19.220337011720485,27.50821027558599,4.889371583173023,6.6423556697306685
2002-09-09,-17.9444732351161,27.681430843070917,4.073422076070577,6.023290924228609
2002-09-10,-19.556384474922947,27.039609368455636,4.3204946450016894,5.06273677081785
2002-09-11,-20.35017032661406,27.869006274434554,3.5395220260374867,5.428350073413615
2002-09-12,-20.45752176356576,27.531169613897173,3.4568836773978764,3.9948830644906272
2002-09-13,-18.321676026617325,28.20901562245238,2.924377029667524,2.5228251561350623
2002-09-14,-18.980865607209754,29.89980485348876,2.330753205024476,2.666332877077432
2002-09-15,-18.625980145313125,28.92700577218285,1.561755460962888,2.7207785742279373
2002-09-16,-17.36403016050143,29.167227761935607,1.8132076452178063,2.3548497032193136
2002-09-17,-18.189065199657566,28.837470383291922,1.070807938739902,3.0923484416094675
2002-09-18,-18.674937429155122,27.57069126610322,1.5944157474865883,1.7167891799104118
2002-09-19,-17.159473540309904,28.962539596789593,1.0213967693422812,2.740855804179194
2002-09-20,-18.394553803707016,29.499534955971583,1.6057406505332987,3.494097441379699
2002-09-21,-18.119470846692284,30.670263338418074,1.308191156270097,4.184069867055257
2002-09-22,-16.417841185457426,31.087402650682375,1.7777195502097505,4.186404362444217
2002-09-23,-16.175559930202567,29.55658294053479,1.5883627614677882,4.754433968137702
2002-09-24,-16.451608813864418,31.17721121372438,2.54905707030935,3.708415424744474
2002-09-25,-16.466174994702556,31.962562881379444,1.4972155375002085,2.715382173981052
2002-09-26,-17.64118065039109,30.761827959333928,0.26231368403579447,2.7523451893405015
